id,user_id,category,title,description,year,proof_type,proof_value,status,created_at
2c72eddd-db51-4560-a09f-c5bef7d83ccd,6293d6e7-7d3e-4540-9f1d-794948f7dd5e,olympiad,"Победитель олимпиады по математике","Занял первое место на региональной олимпиаде по математике. Решил все задачи в отведённое время.",2024,none,NULL,verified,2026-02-17 06:58:59
713142be-3223-45f0-be38-bd11176c3e54,c785a56c-84a7-425d-b7ae-2f997ed4f026,olympiad,"Призёр всероссийской олимпиады по физике","Получил диплом второй степени на всероссийском уровне. Прошёл отбор из более чем 500 участников.",2025,link,"https://example.com/proof/83nddl6f",verified,2025-11-17 06:58:59
d1695e1c-8f06-424d-8c30-5fd80fe0bc60,67084f6a-d962-48b5-88a3-824e55dbfad0,olympiad,"Победитель олимпиады по информатике","Занял первое место на городской олимпиаде по информатике и программированию.",2024,none,NULL,verified,2026-03-20 04:53:25
f1f9b4af-2255-4dbf-a532-2d4ec11ed3e0,25a736a7-a435-4138-bd1d-50f47492ee31,olympiad,"Призёр олимпиады по химии","Получил диплом призёра на региональном этапе всероссийской олимпиады по химии.",2022,photo,"https://example.com/photos/gpvp4bsn.jpg",verified,2025-12-10 23:04:37
53dce1ee-cb5f-43a4-8cc0-f1a0ffbb1f8d,30b248ba-8471-4ab4-95ee-c4b831a8f27a,olympiad,"Участник международной олимпиады по биологии","Прошёл отбор на международную олимпиаду и представил страну в командном туре.",2024,none,NULL,verified,2025-12-15 16:56:26
88dece4b-f996-4a2d-ba9e-893526b02263,b4eb03a1-f303-40f0-9099-c2b013035e46,olympiad,"Победитель олимпиады по истории","Занял первое место на муниципальной олимпиаде по истории среди 10-11 классов.",2022,link,"https://example.com/proof/dfjkmnfh",verified,2026-04-09 00:43:05
ac3eab87-ec4e-4f4b-a578-775838c88efb,b4eb03a1-f303-40f0-9099-c2b013035e46,olympiad,"Призёр олимпиады по русскому языку","Получил диплом второй степени на региональном этапе олимпиады по русскому языку.",2022,photo,"https://example.com/photos/mmyuh1hz.jpg",verified,2026-03-26 04:45:54
60bf83d8-542a-47a0-8bf5-8c41ce8ff1c3,11323a38-9782-472c-81d9-e55808938089,olympiad,"Победитель олимпиады по английскому языку","Занял первое место в категории "письмо и эссе" на городской олимпиаде по английскому.",2025,none,NULL,verified,2026-03-18 15:01:21
bec64d1d-b5f7-400e-832a-d2825a4985bb,67084f6a-d962-48b5-88a3-824e55dbfad0,olympiad,"Участник олимпиады по астрономии","Прошёл в заключительный этап всероссийской олимпиады по астрономии.",2024,photo,"https://example.com/photos/y7sdg6sg.jpg",verified,2025-11-24 17:18:55
2b866ad6-d6df-4e1d-a1c4-27097c6ecf92,0138ebef-ee40-4f1c-8694-54fae360ec35,olympiad,"Призёр олимпиады по экономике","Занял третье место в региональной олимпиаде по экономике и предпринимательству.",2022,none,NULL,verified,2025-12-30 22:09:07
1e4b2345-9b70-4262-bf7d-13530085920b,10c77c20-594b-4aea-b0bb-4b55ed74de35,olympiad,"Победитель олимпиады по географии","Занял первое место в муниципальном этапе по географии среди старшеклассников.",2024,photo,"https://example.com/photos/ytyrpm0x.jpg",verified,2026-01-04 08:01:53
53ba1dc4-0b13-4d9c-a90f-cb498b0ed3b0,f470eeec-90f3-4d9e-a649-e30cc7235307,olympiad,"Призёр олимпиады по обществознанию","Получил диплом второй степени на региональном этапе олимпиады по обществознанию.",2022,link,"https://example.com/proof/a9b8a2qj",verified,2026-03-27 21:23:21
86c68d93-e017-476b-8279-238419c649de,e8333701-ba13-454c-bc06-312c9c330495,olympiad,"Победитель олимпиады по литературе","Занял первое место в конкурсном сочинении городской олимпиады по литературе.",2024,link,"https://example.com/proof/d6qjlhkp",verified,2025-12-04 07:39:51
a1943767-ff89-45c5-92c8-944e1005d944,55a067ca-8de7-4731-ab91-9f79fc176598,olympiad,"Участник олимпиады по математике на международном уровне","Прошёл отбор и участвовал в международной математической олимпиаде в составе сборной.",2023,none,NULL,verified,2026-05-10 04:28:34
cca79ea8-c187-4ca5-9c66-a8e4577547e8,a99a1319-a218-498b-8451-7fb3dc12ade1,olympiad,"Призёр олимпиады по физике","Занял второе место в заключительном этапе всероссийской олимпиады по физике.",2022,none,NULL,verified,2026-01-13 21:51:12
d1dcd99b-7612-42fb-a6b2-24450645b5a9,1cea6d45-e946-4598-95e0-2af5eda225fa,olympiad,"Победитель олимпиады по биологии","Занял первое место в муниципальном этапе. Получил право участия в региональном.",2025,photo,"https://example.com/photos/mjite3r3.jpg",verified,2026-04-18 22:38:03
50fce8cb-df2e-47fe-89b6-47635a82dbbd,bf7e68d1-6c92-47ee-abb9-b8c71150a7df,olympiad,"Участник олимпиады ICPC","Участвовал в четвертьфинале ICPC в составе университетской команды.",2024,photo,"https://example.com/photos/wxhs0ju7.jpg",verified,2026-01-25 11:35:04
188e662b-078a-499b-9bca-183279df16c0,2630cfe2-bb0b-4c34-bcab-5cbcee34b476,olympiad,"Призёр олимпиады по праву","Получил диплом третьей степени на олимпиаде по правоведению среди студентов.",2024,photo,"https://example.com/photos/bswqi2wp.jpg",verified,2025-12-19 21:00:59
fa3a0765-4d11-4371-b17b-3b06f7d7faec,a99a1319-a218-498b-8451-7fb3dc12ade1,olympiad,"Победитель олимпиады по немецкому языку","Занял первое место в городском туре по немецкому языку. Свободное владение языком подтверждено.",2023,link,"https://example.com/proof/pww3kxe9",verified,2026-03-06 10:55:23
cad0b8e1-f4f2-4333-8ec3-bb6105cb6b86,6293d6e7-7d3e-4540-9f1d-794948f7dd5e,olympiad,"Призёр олимпиады по информационной безопасности","Занял второе место в CTF-соревновании в рамках олимпиады по ИБ среди вузов.",2022,none,NULL,verified,2026-03-14 20:32:19
00aa42c1-ce44-4a0a-8d2a-d0fad2a9c595,09880585-9642-49d6-acbc-a9756cefba27,olympiad,"Победитель математической олимпиады МГУ","Занял первое место в открытой олимпиаде по математике Московского государственного университета.",2022,photo,"https://example.com/photos/d5xowjwq.jpg",verified,2026-01-03 17:23:44
42498ae5-7dec-4ee8-a869-95a0fa29e29a,665206c4-30d9-4794-8904-f4515483466b,olympiad,"Участник олимпиады по химии Менделеева","Прошёл в заключительный этап олимпиады им. Менделеева и получил поощрительный диплом.",2022,link,"https://example.com/proof/q68pp9sh",verified,2026-03-15 16:33:29
4d3d8d52-0000-4bab-a0c7-29a7a7783e28,6293d6e7-7d3e-4540-9f1d-794948f7dd5e,olympiad,"Призёр олимпиады по программированию","Занял третье место на открытом региональном чемпионате по спортивному программированию.",2022,link,"https://example.com/proof/dkrqgoie",verified,2025-11-28 23:57:43
622b7151-1d16-4eaf-b407-b1687c51a2de,cdda1f52-87a9-45ce-aa7f-018db76e9556,olympiad,"Победитель олимпиады по технологиям","Занял первое место на олимпиаде по технологиям в номинации "Электроника и робототехника".",2024,photo,"https://example.com/photos/z6bwsnsw.jpg",verified,2026-03-17 23:12:13
73a4e106-d92d-44ab-8c85-e37dd9fe8684,e8333701-ba13-454c-bc06-312c9c330495,olympiad,"Участник всероссийской олимпиады по экологии","Вышел в региональный этап, набрав максимальный балл на школьном туре.",2022,photo,"https://example.com/photos/avqdxuoc.jpg",verified,2025-11-15 06:40:22
db3afcc6-1a16-4779-adaf-4e1f0b0179ab,30b248ba-8471-4ab4-95ee-c4b831a8f27a,olympiad,"Призёр олимпиады ВШЭ по экономике","Получил диплом призёра открытой олимпиады Высшей школы экономики по экономическим наукам.",2022,link,"https://example.com/proof/elettgcd",verified,2026-02-14 12:02:55
6fd72baf-df8c-404c-a3e6-d82534a94cdf,3d1fc270-44bb-4778-9240-32ed85670a22,olympiad,"Победитель олимпиады по черчению","Занял первое место в региональной олимпиаде по черчению и инженерной графике.",2022,link,"https://example.com/proof/jv4ywzox",verified,2026-04-07 16:38:27
28343092-bd52-4430-908b-a4d493bbe517,c785a56c-84a7-425d-b7ae-2f997ed4f026,olympiad,"Участник командной олимпиады по математике","Участвовал в командном туре городской математической олимпиады, команда заняла второе место.",2025,photo,"https://example.com/photos/5t2np71v.jpg",verified,2026-01-17 00:07:17
85ba2e31-fa55-4696-8f82-60eb0d85b560,6293d6e7-7d3e-4540-9f1d-794948f7dd5e,olympiad,"Призёр олимпиады по французскому языку","Занял второе место в городском туре олимпиады по французскому языку.",2024,link,"https://example.com/proof/yrqcakml",verified,2026-02-10 16:52:56
1d313477-dfbd-4892-a82e-42af19fb59d1,b4eb03a1-f303-40f0-9099-c2b013035e46,olympiad,"Победитель олимпиады по астрофизике","Занял первое место в открытой онлайн-олимпиаде по астрофизике среди студентов.",2022,photo,"https://example.com/photos/hshnd1b1.jpg",verified,2026-04-09 01:44:44
27508b67-edbb-4790-8ec8-43879c95c610,0138ebef-ee40-4f1c-8694-54fae360ec35,olympiad,"Участник олимпиады по квантовым технологиям","Прошёл отбор и участвовал в олимпиаде НТИ по направлению "Квантовые технологии".",2022,photo,"https://example.com/photos/g5qqhb6y.jpg",verified,2026-01-04 15:18:12
9b69836d-79ec-4a63-8e9c-ff90012667ea,665206c4-30d9-4794-8904-f4515483466b,olympiad,"Призёр олимпиады по финансовой грамотности","Получил диплом второй степени в городской олимпиаде по финансовой грамотности.",2024,photo,"https://example.com/photos/eqigp83q.jpg",verified,2025-12-23 03:51:26
6191a1ed-7b80-45f9-8a2a-91c3793059bf,a99a1319-a218-498b-8451-7fb3dc12ade1,olympiad,"Победитель олимпиады по физической культуре","Занял первое место на теоретическом туре олимпиады по физической культуре среди старшеклассников.",2025,link,"https://example.com/proof/vvylpe32",verified,2026-01-10 03:25:01
595f499c-0a91-4ef7-b498-a3a322ee5128,0886fe23-3a95-4f92-bc63-fe30c282d010,olympiad,"Призёр олимпиады по музыке","Получил диплом третьей степени на олимпиаде по музыкальной литературе в своём регионе.",2024,none,NULL,verified,2026-04-02 12:35:44
6c4e36de-c942-4b38-a18f-f1f2d2b90dbf,e8333701-ba13-454c-bc06-312c9c330495,olympiad,"Победитель олимпиады "Ломоносов" по математике","Занял первое место в заочном туре олимпиады "Ломоносов" и получил приглашение на очный тур.",2024,photo,"https://example.com/photos/4p6w6r7l.jpg",verified,2025-12-14 05:19:26
1121543b-69bb-4039-925a-0d3773521f63,0138ebef-ee40-4f1c-8694-54fae360ec35,olympiad,"Призёр олимпиады по компьютерным сетям","Занял третье место на профессиональной олимпиаде по компьютерным сетям среди студентов.",2022,link,"https://example.com/proof/v555wzpy",verified,2026-02-06 03:21:21
3342420b-fce3-47f3-bd51-8692650bb5c3,6eac0341-252c-46dc-9555-9b8d21bd106e,academic,"Красный диплом с отличием","Окончил университет с красным дипломом. Средний балл — 4.95 за все годы обучения.",2023,link,"https://example.com/proof/vt83zpaa",verified,2025-11-27 08:17:04
25182159-9666-43cc-931c-9f2ba770cb22,845896cb-5254-48d6-a168-3644fe7eeb4c,academic,"Победитель конкурса студенческих работ","Научная статья была признана лучшей на факультетской конференции молодых учёных.",2025,link,"https://example.com/proof/orr2i4eg",verified,2025-12-30 13:31:06
534cd723-f04d-460d-925a-fda690a0ac7b,8885f679-28be-46cc-bca2-cbd1b3b5ffb8,academic,"Академическая стипендия за отличную учёбу","Получаю повышенную академическую стипендию на протяжении трёх семестров подряд.",2025,link,"https://example.com/proof/9rbspq3r",verified,2026-01-21 03:32:11
9a9c61dc-b13d-4e23-be57-ee365f2c8bc1,9ff7aa17-cdef-4ae4-8854-165791ca0eb4,academic,"Лучший студент факультета","Признан лучшим студентом факультета по итогам года. Отмечен деканатом за успехи в учёбе.",2023,photo,"https://example.com/photos/oy4v92nc.jpg",verified,2025-11-13 11:34:28
bee159ff-a975-4c17-b961-c56db1042f16,e01fac7d-a9a5-48e5-88be-d0a6a7c3de84,academic,"Публикация в научном журнале","Опубликовал статью в рецензируемом научном журнале в соавторстве с научным руководителем.",2024,link,"https://example.com/proof/xf0tv0cx",verified,2026-02-25 01:27:36
d1da99e3-055f-4829-a470-32102e7e705e,67084f6a-d962-48b5-88a3-824e55dbfad0,academic,"Участие в конференции молодых учёных","Выступил с докладом на всероссийской конференции молодых учёных по теме диссертации.",2023,photo,"https://example.com/photos/hi8pepzb.jpg",verified,2025-12-20 11:04:35
150da075-f461-4eba-b68b-ca3824352748,c86b36d4-ceb2-43a5-87ed-94f9cf57aa47,academic,"Грант на исследовательский проект","Выиграл грант РФФИ на проведение исследовательского проекта по математическому анализу.",2022,photo,"https://example.com/photos/45jtrcdd.jpg",verified,2026-01-20 16:16:15
81f60f7a-d84f-44c9-a095-9c4802e3d3fd,2b6d318c-80fc-479b-8d1d-d3d24cb6e637,academic,"Сертификат Cambridge English C1","Сдал экзамен Cambridge English Advanced на уровень C1. Подтверждённый высокий уровень владения языком.",2024,photo,"https://example.com/photos/51tntpgi.jpg",verified,2025-11-13 17:46:40
c539247d-2734-4da3-9177-c524a0ffa3da,09880585-9642-49d6-acbc-a9756cefba27,academic,"Завершил онлайн-курс по машинному обучению","Прошёл специализацию Coursera по машинному обучению от Stanford University. Все задания сданы на отлично.",2025,photo,"https://example.com/photos/0baacg7m.jpg",verified,2025-12-19 06:46:21
23358b5a-e527-4c23-94d0-b83ba3ca071b,10c77c20-594b-4aea-b0bb-4b55ed74de35,academic,"Победитель конкурса курсовых работ","Курсовая работа по теме "Нейронные сети в обработке изображений" заняла первое место.",2025,link,"https://example.com/proof/6ey9496u",verified,2025-12-19 19:19:47
5a2d26e1-8cd7-48a8-a8ea-04a31656ef54,67084f6a-d962-48b5-88a3-824e55dbfad0,academic,"Сертификат IELTS 7.5","Сдал IELTS Academic с общим баллом 7.5. Открыты возможности для учёбы за рубежом.",2025,photo,"https://example.com/photos/riv3c8q4.jpg",verified,2025-12-08 01:19:09
e567102c-2fb8-4c68-8756-bbf66d70fb8b,09880585-9642-49d6-acbc-a9756cefba27,academic,"Участник программы обмена Erasmus","Прошёл конкурсный отбор и провёл семестр в европейском университете по программе Erasmus+.",2022,photo,"https://example.com/photos/yvlompoo.jpg",verified,2025-12-27 01:57:35
898b548a-ff69-4cfe-a343-47820ba966e4,0cffec97-39b5-4a15-8771-8e6ccd8fb548,academic,"Победитель школьной научной ярмарки","Проект "Исследование свойств графена" занял первое место на региональной научной ярмарке.",2024,none,NULL,verified,2025-12-01 02:51:41
db36a26f-633f-4a66-8b53-430115fab3f1,ba966808-2449-4793-8fe8-bcc333bdd603,academic,"Сертификат по статистике от Яндекса","Прошёл курс "Анализ данных" от Яндекс Практикума. Выполнил 12 практических проектов.",2023,link,"https://example.com/proof/ut2qyi81",verified,2026-03-16 21:56:25
28e3663a-6a3a-488f-8608-f275b21df422,e479547f-65fe-49c2-8c60-2ad85984123b,academic,"Академическая стипендия Правительства РФ","Получил повышенную государственную академическую стипендию за особые успехи в учёбе.",2024,link,"https://example.com/proof/0d2yrl1c",verified,2026-03-06 20:17:42
5cbc92b2-1388-4f8d-89e0-97ea3e39d4ba,9f371917-c270-43c7-a426-195c07f2240e,academic,"Защита дипломной работы на отлично","Дипломная работа по квантовым вычислениям оценена комиссией на отлично. Рекомендована к публикации.",2022,photo,"https://example.com/photos/a51s3r3k.jpg",verified,2026-04-18 21:28:47
0c5f1a6e-d1e5-42e1-ada5-464affe5f7ff,11323a38-9782-472c-81d9-e55808938089,academic,"Участник летней физической школы","Прошёл отбор в летнюю физическую школу при МГУ и выступил с докладом по квантовой механике.",2023,photo,"https://example.com/photos/0nlrfehu.jpg",verified,2025-12-04 00:47:10
f944df8f-ca90-41b4-89b0-e4fb5eff3db3,f470eeec-90f3-4d9e-a649-e30cc7235307,academic,"Завершил курс по глубокому обучению","Окончил специализацию deeplearning.ai Specialization. Итоговый проект получил высшую оценку.",2024,none,NULL,verified,2025-12-07 09:38:47
22ca7db4-f2be-4798-98e1-27a937b38580,ac4f1fc1-df74-483c-b55b-0c3539830356,academic,"Победитель олимпиады по математическому анализу","Занял первое место в вузовской олимпиаде по математическому анализу среди первокурсников.",2023,photo,"https://example.com/photos/2f8738wi.jpg",verified,2026-02-25 14:40:06
91fec228-b6a7-4101-afe8-93e0495334d0,40532321-f9a6-4337-96a0-f4fa828d83ce,academic,"Участник конкурса "Лучший реферат"","Реферат по теме биохимических реакций занял второе место на кафедральном конкурсе.",2024,none,NULL,verified,2026-01-21 19:45:50
76409dc3-45c5-42e5-a3fc-b784ae80acdb,43ca9abd-4d63-430a-bd85-c38aec4cf261,academic,"Диплом победителя студенческой конференции","Выступил с лучшим докладом на межвузовской студенческой научной конференции.",2022,link,"https://example.com/proof/ughy9brp",verified,2026-02-21 11:13:59
3e451136-0c57-4b9d-90bf-61ead1c7827e,30b248ba-8471-4ab4-95ee-c4b831a8f27a,academic,"Завершил специализацию по Data Science","Прошёл годовую специализацию по Data Science на платформе edX. Итоговый проект — предсказание оттока клиентов.",2025,photo,"https://example.com/photos/3i6cuedm.jpg",verified,2026-02-25 09:57:07
ec76a9e4-90e2-4ae2-b9bf-1467c1aeab59,6c709ae1-5445-46fe-a38d-f2f4b0872f55,academic,"Сертификат PTE Academic 73","Сдал PTE Academic с результатом 73 балла, что соответствует уровню C1 по CEFR.",2023,photo,"https://example.com/photos/9ha6moxz.jpg",verified,2026-04-29 07:37:21
e5215d2a-e9ec-4624-a2d9-2fdf55533050,4d86c1ee-8475-428a-886f-b95a0197d7a8,academic,"Участник программы "Сириус"","Прошёл отбор в образовательный центр "Сириус" по направлению "Наука" и завершил интенсив.",2023,none,NULL,verified,2026-02-11 09:01:59
554b86a8-d7e4-4b24-8ed5-71e840972eaf,665206c4-30d9-4794-8904-f4515483466b,academic,"Публикация в сборнике трудов конференции","Статья о методах компрессии данных опубликована в сборнике трудов международной конференции.",2022,none,NULL,verified,2026-03-23 04:36:47
2fb1c1a7-9e93-411f-be2d-b64a7698ae97,2630cfe2-bb0b-4c34-bcab-5cbcee34b476,academic,"Грант Фонда Потанина","Выиграл стипендию Владимира Потанина за высокие академические достижения и общественную активность.",2023,link,"https://example.com/proof/6c80yot6",verified,2026-01-27 01:35:31
8f7dd1f0-d6e3-4d33-b062-66e209e041f2,40532321-f9a6-4337-96a0-f4fa828d83ce,academic,"Сертификат по базам данных PostgreSQL","Успешно прошёл курс администрирования PostgreSQL и сдал сертификационный экзамен.",2024,link,"https://example.com/proof/2lmvtkw8",verified,2026-01-09 16:58:09
3690bde4-b404-493d-9189-e5387f10a72f,a99a1319-a218-498b-8451-7fb3dc12ade1,academic,"Лауреат премии "Студент года"","Стал лауреатом региональной премии "Студент года" в номинации "Интеллект".",2024,none,NULL,verified,2025-11-22 05:01:21
e39d99a5-4403-4383-9311-a4745b4fe19b,30b248ba-8471-4ab4-95ee-c4b831a8f27a,academic,"Завершил курс по квантовым вычислениям IBM","Прошёл программу IBM Quantum Learning и выполнил финальный проект на реальном квантовом компьютере.",2024,none,NULL,verified,2026-01-26 09:00:58
ab865c77-86c8-465e-a2f2-f41f4a084724,8f9d23b0-49f1-405f-9991-5fb83dad81fc,academic,"Победитель конкурса стартапов","Проект по автоматизации учёта занял первое место в университетском конкурсе стартап-идей.",2024,photo,"https://example.com/photos/74h7pgov.jpg",verified,2026-02-22 22:04:49
07fbc890-2a74-48ea-8ce3-3dabe6bd802c,c86b36d4-ceb2-43a5-87ed-94f9cf57aa47,academic,"Завершил специализацию по кибербезопасности","Прошёл годовую программу по информационной безопасности и получил профессиональный сертификат.",2025,photo,"https://example.com/photos/cg3hg1xt.jpg",verified,2025-12-30 17:37:23
a8dce836-5ad3-4b24-9487-03d55401f1a0,9f371917-c270-43c7-a426-195c07f2240e,academic,"Призёр конкурса студенческих стипендий DAAD","Прошёл конкурсный отбор и получил стипендию DAAD для участия в летней школе в Германии.",2023,photo,"https://example.com/photos/j5gnpf2n.jpg",verified,2025-12-16 05:02:03
623d0d89-2ee8-49e2-ad50-fe0c7ffc8597,2ba15d70-07b8-4780-97b1-1c8106388278,academic,"Победитель конкурса на лучшую диссертацию","Магистерская диссертация по теме Big Data была признана лучшей на кафедральном конкурсе.",2024,link,"https://example.com/proof/1lf4irto",verified,2026-03-05 21:14:51
39c5b62e-c0ec-4eb0-b835-24c89c3bf9a0,2f4a3081-fcd4-43f5-9fc4-1576aedbd6c5,it,"Победитель хакатона по AI","Команда заняла первое место на 48-часовом хакатоне по искусственному интеллекту. Разработали систему анализа тональности текстов.",2022,photo,"https://example.com/photos/eog7ro0r.jpg",verified,2025-11-20 21:51:34
bd7d6215-91cd-41d0-a21c-9e59efdc032b,f49dc8e9-87a6-4171-ac79-5e2b70db6b85,it,"Сертификат AWS Solutions Architect","Сдал сертификационный экзамен AWS Certified Solutions Architect — Associate. Результат — 890/1000.",2023,photo,"https://example.com/photos/3ix9v84n.jpg",verified,2026-03-21 12:46:25
2c9aeccd-6803-4ccc-9322-b30e69efd2bf,52ea5fca-6fdb-42c2-90b3-6d69cadb7513,it,"Контрибьютор open-source проекта на GitHub","Вошёл в топ-10 контрибьюторов популярного open-source фреймворка. Принято более 30 pull request'ов.",2022,photo,"https://example.com/photos/1dg4zvkc.jpg",verified,2026-04-13 15:53:29
9ab4ac1c-d805-4bac-86fa-050a6f00cde3,e479547f-65fe-49c2-8c60-2ad85984123b,it,"Победитель Яндекс Cup по алгоритмам","Прошёл в финал Яндекс.Контест Cup и занял место в топ-50 среди нескольких тысяч участников.",2022,none,NULL,verified,2025-12-14 12:15:12
6229fd41-f397-4c78-9f38-23c859d03e46,09409554-6d14-427f-9a1e-a56d1ceecdd4,it,"Разработал мобильное приложение с 1000+ пользователей","Выпустил приложение для трекинга привычек в App Store. Набрало более 1000 установок за первый месяц.",2025,none,NULL,verified,2025-11-26 13:20:02
463c61f1-d62a-4d71-9bc2-7aaa5b08d67d,9f371917-c270-43c7-a426-195c07f2240e,it,"Сертификат Google Professional Cloud Developer","Прошёл сертификацию Google Cloud Professional Developer. Успешно сданы все экзамены с первой попытки.",2022,photo,"https://example.com/photos/yo54ond3.jpg",verified,2026-03-26 23:36:18
aa6144da-f18d-48ae-aaed-fe943c456249,1cea6d45-e946-4598-95e0-2af5eda225fa,it,"Призёр VK Cup по программированию","Вышел в полуфинал VK Cup и занял призовое место в раунде по алгоритмическому программированию.",2025,photo,"https://example.com/photos/6825cvzu.jpg",verified,2026-03-05 21:55:24
26be0d9f-4dd8-4c82-a8cd-e425b9339d22,c785a56c-84a7-425d-b7ae-2f997ed4f026,it,"Запустил веб-сервис с реальными пользователями","Разработал и запустил SaaS-продукт для управления задачами. Сервис активно используют 200+ человек.",2024,none,NULL,verified,2026-01-16 04:41:08
4597104e-008f-4b68-9eb7-2afdd30d019f,6293d6e7-7d3e-4540-9f1d-794948f7dd5e,it,"Участник программы Google Summer of Code","Прошёл конкурсный отбор GSoC и разработал новый модуль для крупного открытого проекта.",2025,none,NULL,verified,2026-02-01 21:07:08
99b3674b-9248-4683-90a5-8ed5c7c77a78,09409554-6d14-427f-9a1e-a56d1ceecdd4,it,"Сертификат Certified Kubernetes Administrator","Получил сертификат CKA от CNCF. Успешно прошёл практический экзамен по администрированию Kubernetes.",2023,photo,"https://example.com/photos/53r5cec4.jpg",verified,2025-11-27 12:18:05
bec77934-5d27-425e-9789-8f671099ec00,0886fe23-3a95-4f92-bc63-fe30c282d010,it,"Призёр Codeforces Div.1","Достиг рейтинга 2100+ на Codeforces и вошёл в топ-1% участников платформы.",2022,link,"https://example.com/proof/xf2u2eoa",verified,2026-04-25 16:14:11
99e682cc-0316-4d06-9cc0-d5355ad7ed50,9f371917-c270-43c7-a426-195c07f2240e,it,"Разработал Telegram-бота с 500+ пользователями","Написал и запустил бота для расписания занятий. Активная аудитория — более 500 студентов.",2024,photo,"https://example.com/photos/uf0dc8od.jpg",verified,2026-01-07 15:41:58
44bc47a4-e374-4042-86bd-9ee76476aa0a,6293d6e7-7d3e-4540-9f1d-794948f7dd5e,it,"Победитель чемпионата по кибербезопасности","Занял первое место в региональном CTF-чемпионате. Решил задачи по web, crypto и reverse engineering.",2025,link,"https://example.com/proof/eoz99i20",verified,2026-03-21 18:50:08
2e35dc71-2544-467c-967f-d9bba5d54d25,c86b36d4-ceb2-43a5-87ed-94f9cf57aa47,it,"Сертификат Meta Front-End Developer","Завершил профессиональную программу Meta Front-End Developer на Coursera с отличием.",2025,link,"https://example.com/proof/rv4r8ssl",verified,2026-05-10 19:43:44
935c3946-3762-44f5-a226-4609a6435c98,665206c4-30d9-4794-8904-f4515483466b,it,"Запустил npm-пакет с 500+ загрузками","Опубликовал библиотеку для валидации форм в npm. Пакет набрал более 500 загрузок в неделю.",2022,photo,"https://example.com/photos/iga47q18.jpg",verified,2025-12-23 19:47:48
230824b0-43ed-4587-848f-99f276e9efee,52ea5fca-6fdb-42c2-90b3-6d69cadb7513,it,"Участник финала Russian AI Cup","Вышел в финал соревнования по созданию AI для стратегической игры в реальном времени.",2022,link,"https://example.com/proof/lvnxb8q2",verified,2026-02-08 09:51:32
c729a02f-61c4-43df-a017-0b9a3b8b5629,cdefde42-3fee-46ac-950f-db94b5939acb,it,"Сертификат Cisco CCNA","Сдал экзамен CCNA 200-301 с первой попытки. Подтверждены знания в области сетевых технологий.",2023,link,"https://example.com/proof/8tlcv8z5",verified,2026-02-27 20:08:12
661d1b46-3e1e-462b-a1d3-03942ea72618,55a067ca-8de7-4731-ab91-9f79fc176598,it,"Разработал игру на Unity, опубликованную в Steam","Создал инди-игру в жанре головоломки и опубликовал в Steam. Более 300 продаж за первый квартал.",2025,link,"https://example.com/proof/6uhklfjk",verified,2025-12-24 03:53:07
3d6056ca-aadd-470d-a9f6-5d078c2724b6,8885f679-28be-46cc-bca2-cbd1b3b5ffb8,it,"Победитель хакатона ФинТех","Команда разработала систему автоматической проверки кредитоспособности и заняла первое место.",2025,none,NULL,verified,2026-03-28 22:57:29
3416a12a-b20a-466f-ac26-64eb1ec14e8e,6eac0341-252c-46dc-9555-9b8d21bd106e,it,"Сертификат TensorFlow Developer","Успешно сдал экзамен TensorFlow Developer Certificate. Выполнены все практические задания по нейронным сетям.",2025,photo,"https://example.com/photos/69hasijz.jpg",verified,2026-04-24 04:47:24
35291647-a272-48c3-a391-d2dfe8a9f412,ba966808-2449-4793-8fe8-bcc333bdd603,it,"Призёр LeetCode Weekly Contest","Занял место в топ-10 в еженедельном контесте LeetCode. Решены все 4 задачи за 45 минут.",2022,none,NULL,verified,2026-03-01 00:35:22
ff0767fd-58f9-4b8d-a374-c9dd836d5d56,30b248ba-8471-4ab4-95ee-c4b831a8f27a,it,"Запустил Chrome-расширение с 1000+ пользователей","Разработал расширение для продуктивности, которое попало в топ новых расширений Chrome Web Store.",2025,none,NULL,verified,2026-05-08 22:34:12
fbc403b5-23e2-4902-84a0-87133d421371,10c77c20-594b-4aea-b0bb-4b55ed74de35,it,"Участник Microsoft Imagine Cup","Проект по умному дому прошёл в национальный финал Microsoft Imagine Cup.",2023,none,NULL,verified,2025-11-11 21:53:40
72ecce2e-1271-4af4-a0dd-c00c9e849503,09409554-6d14-427f-9a1e-a56d1ceecdd4,it,"Сертификат MongoDB Developer","Получил сертификат MongoDB Certified Developer. Подтверждены навыки работы с документными базами данных.",2024,link,"https://example.com/proof/aq52aa97",verified,2025-12-17 15:42:55
adada0ef-c40e-4e0b-85e0-817f1b849d42,db7e2101-b84a-4240-b5b4-f199cdc672d6,it,"Победитель конкурса по безопасности ПО","Нашёл критическую уязвимость в веб-приложении и занял первое место в bug bounty конкурсе.",2022,photo,"https://example.com/photos/xvlgm7oz.jpg",verified,2026-04-01 19:06:48
5cab994f-2fa2-41a3-970b-a1e7a9b21f10,ac4f1fc1-df74-483c-b55b-0c3539830356,it,"Разработал API, используемый в продакшене","REST API для обработки платёжных данных был принят в производственную инфраструктуру компании.",2022,photo,"https://example.com/photos/rkwssjwy.jpg",verified,2026-03-25 19:10:40
b1bf144d-c449-4668-9e65-7aec860b559c,4614728e-6dde-4d7d-94db-4fbfba14dbfc,it,"Сертификат HashiCorp Terraform Associate","Сдал экзамен HashiCorp Certified: Terraform Associate. Навыки IaC подтверждены официально.",2022,none,NULL,verified,2025-12-19 07:05:04
8addd1a4-4b28-4abe-b2d7-ea3139a8b8da,6eac0341-252c-46dc-9555-9b8d21bd106e,it,"Призёр конкурса по разработке игр Ludum Dare","Игра, созданная за 72 часа в рамках Ludum Dare, вошла в топ-100 по оценке "fun".",2024,link,"https://example.com/proof/fym9u6wz",verified,2026-02-18 16:35:03
ab8758c2-a8a4-491f-a0c6-ce37407e8693,2f4a3081-fcd4-43f5-9fc4-1576aedbd6c5,it,"Участник программы JetBrains Internship","Прошёл конкурсный отбор в JetBrains Research и участвовал в разработке нового IDE-плагина.",2022,link,"https://example.com/proof/ni7und1x",verified,2026-01-23 10:00:48
190f555c-99a3-4ac5-af3b-08305c33c5c1,0138ebef-ee40-4f1c-8694-54fae360ec35,it,"Победитель регионального этапа WorldSkills по IT","Занял первое место в компетенции "Веб-разработка" на региональном чемпионате WorldSkills.",2023,photo,"https://example.com/photos/0x2bbf0r.jpg",verified,2026-04-17 11:01:09
07e71e41-0a56-4781-87f2-ebf82b969882,0e31ea81-db47-4b03-bb3a-c02ba90f0838,it,"Разработал библиотеку с 1000+ звёзд на GitHub","Создал открытую TypeScript-библиотеку для работы с формами. За месяц набрала 1000+ звёзд.",2023,link,"https://example.com/proof/qt3iuwv7",verified,2026-05-10 16:02:21
42c5f9a6-c9ed-4343-909d-557d80f6b4ef,c86b36d4-ceb2-43a5-87ed-94f9cf57aa47,it,"Призёр конкурса по анализу данных Kaggle","Занял место в топ-5% участников соревнования по предсказанию цен на жильё на Kaggle.",2024,none,NULL,verified,2026-01-18 22:50:32
3d52f0c4-d1e5-48c0-b240-79ceb5f4bb2d,a99a1319-a218-498b-8451-7fb3dc12ade1,it,"Победитель хакатона по EdTech","Команда разработала адаптивную систему тестирования для студентов и заняла первое место.",2024,photo,"https://example.com/photos/66xv377u.jpg",verified,2026-03-08 10:28:14
42e4191e-f957-4684-a7bf-54cf4d97cd87,a99a1319-a218-498b-8451-7fb3dc12ade1,creative,"Победитель городского конкурса живописи","Серия акварельных работ "Городские пейзажи" заняла первое место на выставке-конкурсе молодых художников.",2022,none,NULL,verified,2025-12-10 14:46:27
53359542-c78b-42bf-9b9d-911ce36fcf5d,665206c4-30d9-4794-8904-f4515483466b,creative,"Публикация фотографий в журнале","Серия пейзажных фотографий принята к публикации в профессиональном фотожурнале.",2024,link,"https://example.com/proof/i41c85rg",verified,2026-03-05 15:57:54
8a8d3cad-2241-4dec-899d-467fc48202b9,40532321-f9a6-4337-96a0-f4fa828d83ce,creative,"Призёр конкурса коротких рассказов","Рассказ "Последний трамвай" занял второе место на всероссийском конкурсе молодых писателей.",2024,link,"https://example.com/proof/d11oj47u",verified,2026-02-26 12:29:27
4181b6ab-95cc-40d4-8c9d-eac0df8231ff,4614728e-6dde-4d7d-94db-4fbfba14dbfc,creative,"Выставка авторских работ в галерее","Персональная выставка графических работ прошла в городской художественной галерее. Посетили более 500 человек.",2024,photo,"https://example.com/photos/kzitrgdb.jpg",verified,2026-02-09 19:11:41
63cf9234-b1d7-4a6c-82a0-dbdc997f3146,11323a38-9782-472c-81d9-e55808938089,creative,"Победитель конкурса дизайна логотипов","Авторский логотип выбран для оформления городского фестиваля среди 200 работ участников.",2023,link,"https://example.com/proof/7m3ii402",verified,2025-12-08 22:56:54
e3e7e6a8-b8f0-4d5b-83e6-24c150c18801,e8333701-ba13-454c-bc06-312c9c330495,creative,"Призёр музыкального конкурса","Занял второе место на региональном конкурсе исполнителей эстрадной песни.",2022,none,NULL,verified,2026-03-31 06:29:39
5f956a45-cf38-4805-865d-f61815d8fcdb,502540e8-ad44-4ede-bede-dc9be40684b9,creative,"Создал анимационный ролик для НКО","Авторская анимация для благотворительной организации получила более 50 000 просмотров.",2023,none,NULL,verified,2025-12-09 16:46:08
e0bee100-d53e-4c8f-b00d-4da90e55d6b4,502540e8-ad44-4ede-bede-dc9be40684b9,creative,"Победитель фотоконкурса "Живая природа"","Фотография снежного барса заняла первое место в категории "Дикая природа" всероссийского конкурса.",2023,photo,"https://example.com/photos/enw7da8k.jpg",verified,2026-04-04 13:41:16
068ebf91-c5a2-4ccc-a838-3856f4d27f6c,0886fe23-3a95-4f92-bc63-fe30c282d010,creative,"Публикация поэтического сборника","Выпустил авторский поэтический сборник тиражом 300 экземпляров. Представлен в местных библиотеках.",2025,photo,"https://example.com/photos/vsd7bzdg.jpg",verified,2026-02-02 04:09:18
75c9ba42-7abd-46f8-bbfc-202ca81a5365,40532321-f9a6-4337-96a0-f4fa828d83ce,creative,"Призёр конкурса иллюстраций","Иллюстрации к детской книге заняли второе место на международном конкурсе книжной графики.",2024,photo,"https://example.com/photos/io28k037.jpg",verified,2026-03-20 03:18:39
627499b6-75cd-4a5c-8583-97334fa402ad,f1112344-3c2d-45f8-a600-bdf9d6c92c19,creative,"Победитель конкурса видеомонтажа","Короткометражный документальный фильм занял первое место на студенческом кинофестивале.",2023,none,NULL,verified,2025-12-02 14:37:17
ef4ac02c-a1bf-4d07-887a-ab775dde4d81,0886fe23-3a95-4f92-bc63-fe30c282d010,creative,"Участник выставки современного искусства","Арт-объект из вторичных материалов был представлен на городской выставке современного искусства.",2023,link,"https://example.com/proof/n1v6roc1",verified,2025-12-04 19:05:23
85ff1eb3-ac89-41c3-a866-fae76ecb1cb7,6293d6e7-7d3e-4540-9f1d-794948f7dd5e,creative,"Призёр конкурса театральных постановок","Студенческий спектакль по собственной пьесе занял второе место на межвузовском конкурсе.",2025,none,NULL,verified,2026-01-11 06:34:26
5702d814-c52c-41aa-9ea0-1dbec462678d,a99a1319-a218-498b-8451-7fb3dc12ade1,creative,"Победитель конкурса компьютерной графики","Цифровой концепт-арт занял первое место в номинации "Фантастика" на онлайн-конкурсе.",2022,link,"https://example.com/proof/92przcw8",verified,2026-03-27 08:19:54
e1ef06e0-ccf1-47cb-bf60-0cdb44ba30f9,cdda1f52-87a9-45ce-aa7f-018db76e9556,creative,"Создал и опубликовал саундтрек к игре","Написал оригинальную музыку для инди-игры. Саундтрек доступен на всех стриминговых платформах.",2022,photo,"https://example.com/photos/x3dzpn5t.jpg",verified,2026-02-23 11:55:57
bb70f2e1-51da-4c13-a924-d9917b0e9732,55a067ca-8de7-4731-ab91-9f79fc176598,creative,"Призёр конкурса архитектурного макета","Макет жилого квартала занял второе место на конкурсе "Молодой архитектор" среди студентов.",2025,link,"https://example.com/proof/xlw622kw",verified,2026-02-13 09:37:18
c6f99a2d-8887-40e2-a49d-3656ec66712f,30b248ba-8471-4ab4-95ee-c4b831a8f27a,creative,"Победитель конкурса плаката","Социальный плакат по теме экологии занял первое место и был напечатан тиражом для школ.",2024,link,"https://example.com/proof/g42nl653",verified,2026-01-14 17:53:40
b23dcc6d-4de8-4ea3-b54d-452cebabb559,e01fac7d-a9a5-48e5-88be-d0a6a7c3de84,creative,"Выступление на городском джазовом фестивале","Авторская композиция была исполнена на сцене городского джазового фестиваля. Получены восторженные отзывы.",2022,none,NULL,verified,2026-03-26 03:19:17
b8798fdc-14e5-4360-ac11-814c67b878d0,e01fac7d-a9a5-48e5-88be-d0a6a7c3de84,creative,"Призёр конкурса ювелирного дизайна","Украшение ручной работы в технике холодного фарфора заняло второе место на творческом конкурсе.",2022,link,"https://example.com/proof/kh3llw4k",verified,2026-04-18 00:51:49
3e66699c-e311-4afe-bd07-3d006938d32b,25a736a7-a435-4138-bd1d-50f47492ee31,creative,"Создал web-комикс с 10 000 читателей","Авторский комикс публикуется еженедельно и собрал аудиторию более 10 000 подписчиков.",2023,link,"https://example.com/proof/j1r8an16",verified,2025-12-22 15:57:50
8ce2c865-58b1-4ec2-b49f-5e27dbdbc4d3,43ca9abd-4d63-430a-bd85-c38aec4cf261,creative,"Победитель городского конкурса скульптуры","Скульптура из глины "Связь поколений" признана лучшей среди студенческих работ.",2025,none,NULL,verified,2025-12-26 00:13:33
91d06118-48e0-4622-8f0b-8059bfa8fec6,25a736a7-a435-4138-bd1d-50f47492ee31,creative,"Призёр конкурса каллиграфии","Работа в технике арабской каллиграфии заняла второе место на международном конкурсе.",2024,none,NULL,verified,2026-02-18 23:37:32
d9a8b5b7-9ddf-4463-9c17-7ec9bf79a23a,c785a56c-84a7-425d-b7ae-2f997ed4f026,creative,"Опубликовал обои для телефона в 100 000+ загрузок","Серия абстрактных иллюстраций набрала более 100 000 загрузок на платформе для творческих работ.",2023,photo,"https://example.com/photos/d3s3rh09.jpg",verified,2026-03-26 19:12:16
e019ac9f-c587-436b-ae2f-e37c2da1ac5b,2ba15d70-07b8-4780-97b1-1c8106388278,creative,"Победитель конкурса стрит-арта","Созданный мурал был отмечен как лучший в конкурсе городского стрит-арта. Украшает центральную улицу.",2022,link,"https://example.com/proof/8yvp22c7",verified,2026-03-07 02:41:49
141e934e-6a6c-4a42-80cb-3e5a5b4fd9f2,0e31ea81-db47-4b03-bb3a-c02ba90f0838,creative,"Призёр кинофестиваля короткого метра","Короткометражный фильм "Полночь" получил специальный приз жюри на студенческом кинофестивале.",2022,link,"https://example.com/proof/ek33opx8",verified,2026-01-28 10:42:36
733b94c1-4a1e-4355-8f70-7aa62e5fe5cb,6eac0341-252c-46dc-9555-9b8d21bd106e,creative,"Победитель конкурса на лучшую обложку альбома","Авторский дизайн обложки выбран локальной музыкальной группой из 150 работ участников конкурса.",2022,photo,"https://example.com/photos/8ez6uplj.jpg",verified,2025-12-28 07:16:16
1f997947-f4f9-4d04-871a-39b0f22222ab,30b248ba-8471-4ab4-95ee-c4b831a8f27a,creative,"Участник международного фестиваля анимации","Авторская анимация "Воспоминания" была отобрана и показана на международном фестивале анимационного кино.",2024,photo,"https://example.com/photos/rnr9fimj.jpg",verified,2026-01-29 21:57:15
acf5ea53-90dc-464a-a7c6-f74f0c6357af,e8333701-ba13-454c-bc06-312c9c330495,creative,"Призёр конкурса текстильного дизайна","Коллекция принтов в технике батик заняла второе место на всероссийском конкурсе текстильного дизайна.",2024,none,NULL,verified,2026-04-25 11:30:13
fa03f637-3b7a-4c9c-9766-da8c0dba0e41,2f4a3081-fcd4-43f5-9fc4-1576aedbd6c5,creative,"Победитель конкурса студенческой поэзии","Стихотворение "Осколки тишины" признано лучшим на межвузовском конкурсе молодых поэтов.",2025,none,NULL,verified,2026-02-21 08:34:23
c054bc4e-fd2d-483d-bd89-793b32af4c7a,e8333701-ba13-454c-bc06-312c9c330495,creative,"Создал арт-бук, изданный малым тиражом","Иллюстрированный арт-бук издан тиражом 150 экземпляров и представлен на книжной ярмарке.",2023,none,NULL,verified,2026-03-05 08:05:34
7ec52d1c-f61f-4e35-bb66-a5cc8b7316eb,8f9d23b0-49f1-405f-9991-5fb83dad81fc,creative,"Призёр международного конкурса скетчей","Скетч-альбом с городскими зарисовками получил второе место в конкурсе Urban Sketchers.",2024,link,"https://example.com/proof/zlfxi9l3",verified,2025-12-04 18:34:46
c4799a06-c15d-45be-94ef-d91aec097373,43ca9abd-4d63-430a-bd85-c38aec4cf261,creative,"Победитель конкурса шрифтового дизайна","Авторский кириллический шрифт занял первое место и был включён в бесплатную шрифтовую коллекцию.",2024,none,NULL,verified,2026-04-19 17:23:28
7ee4c464-7ee6-4d6c-b728-d73ea5592c34,bf7e68d1-6c92-47ee-abb9-b8c71150a7df,creative,"Участник международного конкурса аниматоров","Анимационный ролик прошёл в финальный тур международного студенческого конкурса аниматоров.",2025,photo,"https://example.com/photos/gdt56zkd.jpg",verified,2026-02-25 03:48:06
fd3f50a4-19f3-416f-86ed-fe77ed72c80f,0138ebef-ee40-4f1c-8694-54fae360ec35,sport,"Мастер спорта по плаванию","Выполнил норматив мастера спорта на чемпионате региона. Личный рекорд — 200м вольным стилем за 1:52.",2024,link,"https://example.com/proof/1ulod6hw",verified,2026-02-02 06:26:31
94ee5039-7755-4743-8da6-a76602d5e1b4,845896cb-5254-48d6-a168-3644fe7eeb4c,sport,"Чемпион университета по футболу","Сборная заняла первое место в чемпионате студенческой лиги. Забил решающий гол в финале.",2025,photo,"https://example.com/photos/mgvnasmw.jpg",verified,2025-11-11 13:31:01
408489c1-25f1-47ad-9d96-698ff0674a13,8f9d23b0-49f1-405f-9991-5fb83dad81fc,sport,"Призёр регионального чемпионата по боксу","Занял второе место на чемпионате области в весовой категории до 75 кг. Провёл 5 боёв без поражений.",2023,photo,"https://example.com/photos/2x3mrreg.jpg",verified,2026-03-06 01:09:20
3a54a482-28a7-4f38-9692-fcd860d3609c,3d1fc270-44bb-4778-9240-32ed85670a22,sport,"Выполнил KMS по лёгкой атлетике","Выполнил норматив кандидата в мастера спорта в беге на 1500м. Результат — 3:48.2.",2022,none,NULL,verified,2026-01-17 05:49:41
36001b39-061d-4183-b10c-39892d7d2a3a,e8333701-ba13-454c-bc06-312c9c330495,sport,"Участник международных соревнований по шахматам","Участвовал в международном шахматном турнире, набрал 7/9 очков и выполнил норму FIDE-мастера.",2022,photo,"https://example.com/photos/dtcli1ud.jpg",verified,2026-02-07 05:30:02
18264a55-5083-40fe-805e-e194d2ae157f,2630cfe2-bb0b-4c34-bcab-5cbcee34b476,sport,"Победитель городских соревнований по бадминтону","Занял первое место в одиночном разряде на городских соревнованиях по бадминтону среди взрослых.",2022,none,NULL,verified,2025-12-06 13:22:33
20a5235e-5830-4f31-bd9a-a1106f2c0db5,e8333701-ba13-454c-bc06-312c9c330495,sport,"Призёр чемпионата по настольному теннису","Занял третье место на открытом чемпионате региона. Выиграл в 8 партиях из 10.",2022,link,"https://example.com/proof/2o5zmwu1",verified,2025-11-20 17:50:40
87b0d168-ea0f-458b-9fa2-5b7676d3542d,8f9d23b0-49f1-405f-9991-5fb83dad81fc,sport,"Серебряный призёр по скалолазанию","Занял второе место на чемпионате по скалолазанию в дисциплине "Трудность" среди юниоров.",2025,photo,"https://example.com/photos/rinr9mj0.jpg",verified,2026-04-24 17:31:22
999ffdf2-9e08-4a22-b324-b7884a206205,db7e2101-b84a-4240-b5b4-f199cdc672d6,sport,"Финишировал полумарафон за 1:42","Пробежал первый полумарафон за 1 час 42 минуты. Подготовка заняла 4 месяца интенсивных тренировок.",2022,photo,"https://example.com/photos/7ec51n68.jpg",verified,2026-02-06 15:57:27
e37c5cac-97bb-4ca8-887c-25b71fa1896a,43ca9abd-4d63-430a-bd85-c38aec4cf261,sport,"Победитель турнира по киберспорту Dota 2","Команда заняла первое место на региональном LAN-турнире по Dota 2. Призовой фонд — 50 000 руб.",2023,none,NULL,verified,2026-04-22 07:47:19
02ec2d02-54ca-419b-a961-e343ef1d737a,e01fac7d-a9a5-48e5-88be-d0a6a7c3de84,sport,"Выполнил 1 взрослый разряд по карате","Выполнил норматив первого взрослого разряда по карате. Сдал экзамен и выступил на официальных соревнованиях.",2022,photo,"https://example.com/photos/iymdglo8.jpg",verified,2025-11-12 09:44:01
168d1efe-ec1b-4be0-a749-80f8acef5955,30b248ba-8471-4ab4-95ee-c4b831a8f27a,sport,"Призёр региональных соревнований по велоспорту","Занял третье место в гонке с раздельным стартом на дистанции 40 км. Средняя скорость — 38 км/ч.",2025,none,NULL,verified,2026-01-14 17:42:44
4154f4ed-ebbf-4549-8451-19b44edf023b,bf7e68d1-6c92-47ee-abb9-b8c71150a7df,sport,"Участник марафона "Белые ночи"","Финишировал в марафоне "Белые ночи" за 3 часа 24 минуты. Личный рекорд на дистанции 42,2 км.",2024,none,NULL,verified,2026-04-15 23:40:34
4aa8178f-9942-4977-9932-7d66d0022aa7,2f4a3081-fcd4-43f5-9fc4-1576aedbd6c5,sport,"Чемпион школы по волейболу","Команда выиграла школьный чемпионат по волейболу. Личный вклад — 12 подач-эйсов в финале.",2022,link,"https://example.com/proof/wiia7q5y",verified,2026-03-12 00:29:56
db26b423-62b2-4f48-9ce3-3f1e66948cad,f1112344-3c2d-45f8-a600-bdf9d6c92c19,sport,"Призёр соревнований по спортивной гимнастике","Занял второе место на соревнованиях по спортивной гимнастике в упражнениях на кольцах.",2025,photo,"https://example.com/photos/f2afc6lu.jpg",verified,2025-12-10 00:15:14
3375aac3-114c-4d73-b7ca-a9338c23b700,0138ebef-ee40-4f1c-8694-54fae360ec35,sport,"Выполнил норматив по лыжным гонкам","Выполнил норматив первого разряда по лыжным гонкам. Дистанция 30 км за 1:24:30.",2023,photo,"https://example.com/photos/2o1twqt2.jpg",verified,2026-01-30 08:42:47
3e7eaeb6-c0b5-4af0-8ccf-71d60462a300,40532321-f9a6-4337-96a0-f4fa828d83ce,sport,"Победитель турнира по шахматам Рапид","Занял первое место на городском шахматном турнире в формате Рапид (15 минут + 10 секунд).",2025,none,NULL,verified,2026-01-19 16:33:22
04784d02-a42d-4354-84ad-9400dbc15e60,cdefde42-3fee-46ac-950f-db94b5939acb,sport,"Призёр чемпионата по армрестлингу","Занял второе место на открытом чемпионате района по армрестлингу в весе до 80 кг.",2023,link,"https://example.com/proof/sagifvoc",verified,2026-01-10 20:47:27
b4d7b70b-4831-4f30-9169-fc79a7271dca,f49dc8e9-87a6-4171-ac79-5e2b70db6b85,sport,"Участник лиги по баскетболу 3×3","Команда вышла в полуфинал городской лиги по баскетболу 3×3. Набрал 15 очков в решающей игре.",2023,none,NULL,verified,2026-02-27 11:06:27
1ba362eb-83df-44e6-8864-39b26c1e5c70,bf7e68d1-6c92-47ee-abb9-b8c71150a7df,sport,"Выполнил норматив по плаванию на открытой воде","Финишировал в заплыве на 5 км по открытой воде. Занял пятое место среди 80 участников.",2022,none,NULL,verified,2025-12-21 06:06:16
90c18cd1-f003-4fb0-a8e7-a8d2fdce936f,43ca9abd-4d63-430a-bd85-c38aec4cf261,sport,"Чемпион университета по бегу","Выиграл университетский кросс на 10 км. Опередил соперников на финише с преимуществом 15 секунд.",2025,none,NULL,verified,2026-04-20 16:56:28
18a538f6-1b68-4f11-a05e-7ba78bfedaba,845896cb-5254-48d6-a168-3644fe7eeb4c,sport,"Призёр по борьбе самбо","Занял третье место на региональных соревнованиях по самбо в весовой категории до 68 кг.",2022,none,NULL,verified,2026-05-08 05:28:28
f413a2c1-dadd-4d6a-b657-28d52d158766,0886fe23-3a95-4f92-bc63-fe30c282d010,sport,"Финишировал триатлон Sprint","Завершил спринт-триатлон (750м+20км+5км) за 1 час 12 минут. Первый старт в триатлоне.",2024,photo,"https://example.com/photos/fl5xcz0o.jpg",verified,2025-12-16 17:08:51
399dd1c2-5599-4455-a9b0-ee24dde163aa,9f371917-c270-43c7-a426-195c07f2240e,sport,"Победитель турнира по теннису","Выиграл городской любительский турнир по теннису. Не проиграл ни одного сета в турнире.",2025,link,"https://example.com/proof/3975rtno",verified,2025-12-14 10:17:03
4dc5bfff-f1ab-4765-9dc1-ceb26cf92912,502540e8-ad44-4ede-bede-dc9be40684b9,sport,"Призёр соревнований по плаванию в ластах","Занял второе место на чемпионате региона по плаванию в ластах на дистанции 100м.",2025,link,"https://example.com/proof/ebn1rc98",verified,2026-01-29 09:52:13
e99b65a3-81b8-41be-9180-14984eb596cb,9f371917-c270-43c7-a426-195c07f2240e,sport,"Выполнил норматив по гребле","Выполнил норматив второго разряда по академической гребле. Занял четвёртое место на регате.",2025,none,NULL,verified,2025-12-29 21:59:40
305e7f80-574e-40fa-aaba-6a312837cc01,a99a1319-a218-498b-8451-7fb3dc12ade1,sport,"Чемпион по настольным шахматам на ФестивалеМоей школы","Стал чемпионом среди 300 участников школьного шахматного фестиваля.",2023,link,"https://example.com/proof/288jixbv",verified,2026-03-04 21:07:54
57887d06-b553-430e-8224-58e294600678,0886fe23-3a95-4f92-bc63-fe30c282d010,sport,"Призёр соревнований по ориентированию","Занял второе место на соревнованиях по спортивному ориентированию в зачёте "средняя дистанция".",2025,none,NULL,verified,2026-04-11 04:14:49
a940c349-c158-4009-9eb7-b52790109a6b,9ff7aa17-cdef-4ae4-8854-165791ca0eb4,sport,"Завершил велопробег 1000 км","Завершил самостоятельный велопробег Москва — Санкт-Петербург за 4 дня. Преодолено 1 050 км.",2022,photo,"https://example.com/photos/2x1tqxoj.jpg",verified,2026-04-15 00:28:51
3abf67be-ee70-481a-b593-3c43ae2a53f4,502540e8-ad44-4ede-bede-dc9be40684b9,sport,"Победитель хакатона по виртуальному спорту","Команда разработала систему трекинга движений для виртуального спорта и заняла первое место.",2024,link,"https://example.com/proof/8fsyi1im",verified,2026-05-05 08:54:39
f355c22b-c861-4f8d-a02f-f5b5ec14ac87,b4eb03a1-f303-40f0-9099-c2b013035e46,sport,"Призёр соревнований по биатлону","Занял третье место на региональных соревнованиях по биатлону в возрастной группе 20–25 лет.",2022,photo,"https://example.com/photos/vvfzwgvc.jpg",verified,2026-01-13 17:40:31
dc9e1393-e9bf-4ad8-aae1-119a7a412af9,43ca9abd-4d63-430a-bd85-c38aec4cf261,sport,"Завершил Ironman 70.3","Финишировал в полужелезном триатлоне за 5 часов 38 минут. Личный рекорд на всех трёх этапах.",2025,photo,"https://example.com/photos/ybq7lkp2.jpg",verified,2026-01-01 09:08:25
da767943-eec2-44b4-85ea-167a2e579301,55a067ca-8de7-4731-ab91-9f79fc176598,sport,"Победитель городского кросса","Финишировал первым в городском кроссе на 8 км. Опередил второго участника на 23 секунды.",2022,link,"https://example.com/proof/76scem9n",verified,2026-04-13 14:11:41
1a5cfcf4-4ac3-4866-a2a2-0dc385e4cadd,f1112344-3c2d-45f8-a600-bdf9d6c92c19,movies,"Победитель викторины по кино на CinemaFest","Занял первое место в киновикторине на городском кинофестивале. Ответил на 48 из 50 вопросов правильно.",2025,photo,"https://example.com/photos/uv42upj8.jpg",verified,2026-04-23 13:14:02
a1f2f13c-98c4-40bc-9e34-f85a17b47e80,43ca9abd-4d63-430a-bd85-c38aec4cf261,movies,"Рецензия опубликована на KinoPoisk","Рецензия на фильм "Дюна: Часть вторая" набрала более 500 лайков и попала в редакционную подборку.",2022,photo,"https://example.com/photos/sow7uxgr.jpg",verified,2026-01-19 19:01:51
c0cc701c-6b7d-4b44-adcd-5f3e975767ce,2630cfe2-bb0b-4c34-bcab-5cbcee34b476,movies,"Ведущий киноклуба в университете","Организовал и вёл университетский киноклуб в течение года. Проведено 24 показа, 300+ участников.",2024,none,NULL,verified,2025-12-07 21:51:13
121e4467-46c6-4837-b68f-ff5466cd309b,9f371917-c270-43c7-a426-195c07f2240e,movies,"Призёр конкурса кинокритики","Эссе о режиссёрском методе Андрея Тарковского заняло второе место на конкурсе молодых кинокритиков.",2023,link,"https://example.com/proof/5cic5tcr",verified,2026-04-17 12:32:26
f207dc53-1903-45b4-a5b5-55e4e2c9b306,1cea6d45-e946-4598-95e0-2af5eda225fa,movies,"Посмотрел все фильмы из списка IMDb Top 250","Завершил просмотр всех 250 фильмов из рейтинга IMDb. Вёл подробный дневник впечатлений.",2022,none,NULL,verified,2026-02-18 19:06:02
44243e17-f981-4fe0-8196-2565e33f5eec,f1112344-3c2d-45f8-a600-bdf9d6c92c19,movies,"Участник жюри студенческого кинофестиваля","Вошёл в состав студенческого жюри регионального кинофестиваля и оценил 45 короткометражек.",2025,photo,"https://example.com/photos/g3dkrjjh.jpg",verified,2026-03-31 18:56:19
334e0531-4a75-4011-a85f-178462a64141,2630cfe2-bb0b-4c34-bcab-5cbcee34b476,movies,"Написал сценарий короткометражного фильма","Сценарий "Пустой стакан" был отобран для экранизации в рамках учебного кинопроекта.",2022,none,NULL,verified,2026-03-10 04:27:02
fd95cf7d-a38b-4f53-b13d-10f214e76866,55a067ca-8de7-4731-ab91-9f79fc176598,movies,"Победитель квиза "Угадай фильм по кадру"","Выиграл онлайн-квиз по определению фильмов по одному стоп-кадру. 47/50 правильных ответов.",2025,photo,"https://example.com/photos/ucos78k6.jpg",verified,2026-02-08 14:30:44
94c62575-1104-48aa-91df-1e214322361a,11323a38-9782-472c-81d9-e55808938089,movies,"Опубликовал разбор кинематографа Нолана","Статья-разбор нелинейного нарратива в фильмах Кристофера Нолана получила 2000+ просмотров на Habr.",2025,none,NULL,verified,2026-01-26 17:06:25
3d78ccc8-f246-4bae-88aa-2c1027ed2c29,f470eeec-90f3-4d9e-a649-e30cc7235307,movies,"Призёр олимпиады по медиаграмотности","Занял второе место на олимпиаде по медиаграмотности в блоке "Анализ кинотекста".",2023,photo,"https://example.com/photos/et1c4cbk.jpg",verified,2026-04-28 22:51:23
3280fa8f-2916-4e55-ab1c-cfad20028e97,4614728e-6dde-4d7d-94db-4fbfba14dbfc,movies,"Автор подкаста о кино с 500+ слушателями","Веду еженедельный подкаст о мировом кино. За год вышло 40 эпизодов, аудитория — 500+ слушателей.",2023,photo,"https://example.com/photos/zj6ow4j6.jpg",verified,2026-01-21 22:50:23
a280e09a-3a10-41df-80a2-5824ad8de9f8,bf7e68d1-6c92-47ee-abb9-b8c71150a7df,movies,"Прошёл курс "Язык кино" в Кинопоиске","Завершил образовательный курс по теории кино на платформе Кинопоиска. Все тесты сданы на отлично.",2025,photo,"https://example.com/photos/4k946gku.jpg",verified,2025-11-22 21:37:26
17955f18-ec03-4d2c-a9e1-1a6bf38fd235,43ca9abd-4d63-430a-bd85-c38aec4cf261,movies,"Победитель конкурса синопсисов","Синопсис криминальной драмы "Серый туман" занял первое место в конкурсе для начинающих сценаристов.",2022,link,"https://example.com/proof/rhvttxk5",verified,2025-11-23 08:57:54
0a28576c-fea1-46d7-abcc-1b75eb188824,09880585-9642-49d6-acbc-a9756cefba27,movies,"Посетил 5 международных кинофестивалей","Посетил фестивали в Москве, Санкт-Петербурге и Казани. Посмотрел более 80 премьерных показов.",2024,none,NULL,verified,2026-01-16 18:19:15
33b1bc79-e70a-4ad0-9bed-d4b7c1ce77b4,ac4f1fc1-df74-483c-b55b-0c3539830356,movies,"Призёр конкурса кинофотографии","Серия работ в стиле cine still фотографии заняла второе место в тематическом конкурсе.",2023,photo,"https://example.com/photos/o855ppx8.jpg",verified,2025-12-28 08:18:59
a76362a6-65ef-4651-9497-ce4a4cc612a6,f1112344-3c2d-45f8-a600-bdf9d6c92c19,movies,"Победитель теста на знание советского кино","Набрал 100% на тесте о советском кинематографе. Участвовал в цикле вечеров о классике кино.",2025,none,NULL,verified,2025-12-03 15:34:30
6da00608-6611-4588-9fb2-e4a2b72a6494,665206c4-30d9-4794-8904-f4515483466b,movies,"Написал эссе о кино в научный сборник","Статья о постколониальном нарративе в корейском кино опубликована в студенческом научном сборнике.",2023,none,NULL,verified,2026-04-01 22:47:02
bba859dc-54e5-46cd-bff3-c0aea07fd94c,8f9d23b0-49f1-405f-9991-5fb83dad81fc,movies,"Участник мастер-класса режиссёра","Прошёл двухдневный мастер-класс известного документалиста. Снял учебный репортаж.",2022,photo,"https://example.com/photos/cfcguaw1.jpg",verified,2025-11-12 03:52:50
33d8d864-e227-475c-848f-565f2fffafe0,6eac0341-252c-46dc-9555-9b8d21bd106e,movies,"Призёр конкурса трейлеров","Смонтированный авторский трейлер к книге занял третье место в конкурсе книжных видеороликов.",2024,none,NULL,verified,2026-01-29 16:23:50
dbfd7d82-7f4f-4c2b-8424-27e4e87c4f9f,f49dc8e9-87a6-4171-ac79-5e2b70db6b85,movies,"Победитель киновикторины на ТВ-шоу","Поучаствовал в телевизионном шоу-викторине о кино и занял первое место в выпуске.",2025,link,"https://example.com/proof/q8xv0q8i",verified,2026-01-07 05:12:15
f71367f0-559e-4483-8474-23192904db05,e479547f-65fe-49c2-8c60-2ad85984123b,movies,"Написал рецензию в печатный журнал","Рецензия на ретроспективу фестивального кино опубликована в региональном культурном журнале.",2023,none,NULL,verified,2026-05-03 09:54:36
33122c2c-6348-49dc-96ea-50254951ba78,3d1fc270-44bb-4778-9240-32ed85670a22,movies,"Призёр конкурса стримеров кино","Завоевал второе место в конкурсе кинострим-комментаторов. Стрим собрал 800 одновременных зрителей.",2025,photo,"https://example.com/photos/cxtzso5f.jpg",verified,2025-12-13 07:31:38
b1216282-7445-4de4-b4af-6e01adfe7cb3,6eac0341-252c-46dc-9555-9b8d21bd106e,movies,"Победитель киноквиза среди университетов","Команда из 4 человек заняла первое место в межвузовском киноквизе.",2022,link,"https://example.com/proof/8dhwdrhw",verified,2026-03-09 11:34:56
24281349-276d-4cb8-9832-e989b1d7da0e,845896cb-5254-48d6-a168-3644fe7eeb4c,games,"Достиг Challenger в League of Legends","Достиг звания Challenger в сезоне 2024. Вошёл в топ-300 игроков сервера.",2025,photo,"https://example.com/photos/oiqvodvf.jpg",verified,2025-12-30 05:10:42
f084ce55-ce46-476f-9ec0-46acafd9df57,9f371917-c270-43c7-a426-195c07f2240e,games,"Победитель регионального турнира по CS2","Команда заняла первое место на региональном любительском турнире по Counter-Strike 2.",2023,photo,"https://example.com/photos/6ez1jecn.jpg",verified,2026-04-20 06:00:51
bf1d38a1-de4e-4482-9057-73fcd0c30051,25a736a7-a435-4138-bd1d-50f47492ee31,games,"Завершил все достижения в The Witcher 3","Получил все 78 достижений в The Witcher 3: Wild Hunt включая дополнения. 250+ часов в игре.",2024,none,NULL,verified,2026-03-29 17:16:12
755d5a48-9ef5-468b-8cfd-a5a719d2dc67,3d1fc270-44bb-4778-9240-32ed85670a22,games,"Участник финала RuHub Dota 2","Команда вышла в финал любительского турнира RuHub и заняла второе место из 128 команд.",2023,none,NULL,verified,2026-04-06 02:19:04
663bb4ec-ecb5-43ba-bbbd-549a4827fe56,bf7e68d1-6c92-47ee-abb9-b8c71150a7df,games,"Призёр турнира по Hearthstone","Занял третье место в онлайн-турнире по Hearthstone. Собрал уникальную комбо-колоду.",2025,none,NULL,verified,2026-03-18 05:39:00
1f6dba28-2e21-4be9-b48d-c9ceecdbe520,9f371917-c270-43c7-a426-195c07f2240e,games,"Достиг Mythic+ в World of Warcraft","Завершил ключ Mythic+20 и попал в топ-1000 игроков рейда в своём регионе.",2023,link,"https://example.com/proof/mq1glqfn",verified,2026-04-01 14:11:42
29b10459-34da-44b1-a3a5-ee8f6db022d3,0886fe23-3a95-4f92-bc63-fe30c282d010,games,"Победитель университетского турнира по FIFA","Выиграл университетский чемпионат по FIFA 25. Прошёл через 32 участника без единого поражения.",2025,none,NULL,verified,2026-02-26 08:55:12
7c02bde3-76c8-4278-a9ab-03ead191b768,db7e2101-b84a-4240-b5b4-f199cdc672d6,games,"Прошёл Elden Ring без смертей","Завершил полное прохождение Elden Ring без смертей (No Death Run). Запись опубликована на YouTube.",2023,none,NULL,verified,2026-04-07 03:44:59
d5a2400f-3e69-4839-8fa8-7c5891fb8613,b4eb03a1-f303-40f0-9099-c2b013035e46,games,"Призёр онлайн-чемпионата по Rocket League","Достиг ранга Grand Champion и занял второе место в региональном онлайн-чемпионате.",2024,link,"https://example.com/proof/aivlyayj",verified,2025-12-21 17:59:59
088ce6d5-d3f0-4648-ab69-39d5708b7314,a99a1319-a218-498b-8451-7fb3dc12ade1,games,"Создал мод для Skyrim с 50 000 загрузок","Разработал и опубликовал мод на Nexus Mods. За месяц набрал более 50 000 загрузок.",2024,photo,"https://example.com/photos/anq0pvzx.jpg",verified,2026-03-08 14:06:23
9ddd1632-e817-4559-be8d-22d1282363d3,1cea6d45-e946-4598-95e0-2af5eda225fa,games,"Победитель турнира по шахматам Chess.com","Выиграл открытый онлайн-турнир на Chess.com с рейтингом 2200+. 64 участника.",2024,photo,"https://example.com/photos/1tfwb699.jpg",verified,2026-01-08 05:55:40
9e45784f-ed5d-4a76-9811-a91c486a8e4e,c86b36d4-ceb2-43a5-87ed-94f9cf57aa47,games,"Достиг 100% в Hollow Knight","Выполнил 100% прохождение Hollow Knight включая все испытания пантеонов. 65 часов.",2024,none,NULL,verified,2026-02-27 12:09:38
32076a49-bf41-4c3a-8ee9-c4dfc1030479,11323a38-9782-472c-81d9-e55808938089,games,"Призёр турнира по Tekken 8","Занял второе место на городском оффлайн-турнире по Tekken 8 в категории новичок-любитель.",2025,none,NULL,verified,2026-01-19 10:26:22
1a549b8a-c203-4427-aff2-6f3c4615dc94,3d1fc270-44bb-4778-9240-32ed85670a22,games,"Участник финала по StarCraft II","Вышел в Мастер-лигу по StarCraft II и участвовал в сезонном финале региона.",2023,none,NULL,verified,2026-02-12 10:56:28
1a5b70f5-3ca4-4d4c-8efd-8ff3ae7a351f,a99a1319-a218-498b-8451-7fb3dc12ade1,games,"Победитель турнира по Valorant","Команда выиграла студенческий турнир по Valorant. Личный KDA в финале — 42/8/21.",2023,photo,"https://example.com/photos/f064dpe5.jpg",verified,2025-12-22 12:36:15
2ad3a818-f3d9-445e-9401-5219200c6743,6293d6e7-7d3e-4540-9f1d-794948f7dd5e,games,"Прошёл все боссы FromSoftware без урона","Победил всех сюжетных боссов в Dark Souls 3 без получения урона. Видеодоказательство опубликовано.",2025,photo,"https://example.com/photos/ggfgfro9.jpg",verified,2026-02-05 12:27:49
82731d9e-a3cb-46f4-a727-37d3f339fcb0,55a067ca-8de7-4731-ab91-9f79fc176598,games,"Призёр по Go (настольная игра)","Занял третье место на городском турнире по игре Го. Рейтинг по EGF — 2 кю.",2025,link,"https://example.com/proof/p5pthsyt",verified,2026-04-23 01:26:52
9407da61-4832-47d3-ba90-9098c6c66380,2ba15d70-07b8-4780-97b1-1c8106388278,games,"Создал карту для Team Fortress 2","Разработал и опубликовал карту cp_dustland для TF2. Принята в официальные тестовые сессии Valve.",2024,link,"https://example.com/proof/7zjnpslt",verified,2026-03-30 20:05:05
656fd1eb-bdec-4d6b-b29a-65b88b0ba7c3,2f4a3081-fcd4-43f5-9fc4-1576aedbd6c5,games,"Победитель конкурса игровых концептов","Концепт-документ для мобильной игры занял первое место на конкурсе в рамках геймдев-конференции.",2024,photo,"https://example.com/photos/6kv7h5jg.jpg",verified,2026-01-25 07:46:26
dd2df0ca-fa9b-4bd6-a4f3-13694423b41b,2f4a3081-fcd4-43f5-9fc4-1576aedbd6c5,games,"Участник World Cyber Games Russia","Прошёл региональный отбор на WCG Russia по дисциплине StarCraft II. Занял 8-е место.",2024,link,"https://example.com/proof/xs7862x5",verified,2026-03-29 22:53:06
55a1ba07-061f-43a6-abe0-4194f3c04463,2ba15d70-07b8-4780-97b1-1c8106388278,games,"Достиг Радиант в Valorant","Поднялся до ранга Радиант — топ-500 игроков региона. Сезонный win rate — 58%.",2025,none,NULL,verified,2026-01-16 19:32:01
0af87cb1-610a-4c9f-8f8a-8dfca4628958,c86b36d4-ceb2-43a5-87ed-94f9cf57aa47,games,"Призёр конкурса геймдизайна","Дизайн-документ карточной игры занял второе место на студенческом конкурсе геймдизайна.",2025,none,NULL,verified,2026-03-02 22:39:23
19ddad41-53d3-45e4-a599-70f2c08a7b96,25a736a7-a435-4138-bd1d-50f47492ee31,games,"Победитель турнира по Magic: The Gathering","Занял первое место на региональном турнире по MtG в формате Standard.",2025,none,NULL,verified,2025-11-11 22:51:59
3564e264-8dcc-46d4-b4fc-3550b4b50ee9,52ea5fca-6fdb-42c2-90b3-6d69cadb7513,other,"Победитель конкурса волонтёров года","Признан лучшим волонтёром года в своём регионе. За год провёл более 500 часов волонтёрской работы.",2025,photo,"https://example.com/photos/qo8bz7n9.jpg",verified,2026-04-23 11:03:18
80c405d6-b6ca-4915-817a-93af9cda8937,c785a56c-84a7-425d-b7ae-2f997ed4f026,other,"Организовал экологическую акцию","Организовал городскую акцию по уборке берега реки. Привлечено 200 участников, собрано 2 тонны мусора.",2024,none,NULL,verified,2026-02-18 11:22:55
06a2e73f-46f1-41a9-9ef6-26df346b0b2a,bf7e68d1-6c92-47ee-abb9-b8c71150a7df,other,"Призёр конкурса "Молодой предприниматель"","Бизнес-план экологического стартапа занял второе место в региональном конкурсе.",2023,none,NULL,verified,2026-01-11 14:52:40
3f6182f0-56da-4d67-93fb-603f62a02182,0cffec97-39b5-4a15-8771-8e6ccd8fb548,other,"Победитель дебатного турнира","Занял первое место на межвузовском дебатном турнире в формате BP (British Parliamentary).",2023,link,"https://example.com/proof/i5p8eil4",verified,2025-12-31 14:47:49
b6a0a0f9-5cc3-4e8b-bbb5-94426527dbb2,ba966808-2449-4793-8fe8-bcc333bdd603,other,"Получил водительские права категории B","Успешно сдал теоретический и практический экзамен в ГИБДД с первой попытки.",2022,none,NULL,verified,2026-02-01 15:28:35
fe2ab334-0943-41a5-9d6b-4cca4cd158b0,c785a56c-84a7-425d-b7ae-2f997ed4f026,other,"Призёр конкурса молодых политиков","Проект "Умный город для молодёжи" занял третье место в конкурсе молодых политиков.",2023,none,NULL,verified,2026-02-12 03:23:21
b287a34d-a88e-4a3e-8563-5b03d300bf6e,43ca9abd-4d63-430a-bd85-c38aec4cf261,other,"Завершил курс первой медицинской помощи","Прошёл сертифицированный курс первой помощи и получил удостоверение спасателя.",2024,none,NULL,verified,2026-01-02 05:26:21
1fedbf00-5c32-4e91-8e1d-989f07581196,09880585-9642-49d6-acbc-a9756cefba27,other,"Победитель конкурса лидеров студсовета","Признан лучшим председателем студсовета по результатам регионального конкурса.",2024,link,"https://example.com/proof/h1j9ovxs",verified,2025-12-21 01:43:20
408d1329-3285-4229-8226-776f93477e5a,6eac0341-252c-46dc-9555-9b8d21bd106e,other,"Участник делегации на международном форуме","Представлял университет на международном молодёжном форуме. Выступил с презентацией проекта.",2022,none,NULL,verified,2026-03-31 23:48:25
ff18378c-1c1f-4c5a-b8eb-ea9aec7e7c03,8f9d23b0-49f1-405f-9991-5fb83dad81fc,other,"Призёр конкурса бизнес-идей","Идея мобильного сервиса доставки еды в кампус заняла второе место на питч-сессии.",2025,photo,"https://example.com/photos/91joa6eb.jpg",verified,2025-11-12 00:51:14
59a54074-383c-4ad8-813e-d4ee75582a93,3d1fc270-44bb-4778-9240-32ed85670a22,other,"Победитель регионального конкурса эссе","Эссе "Технологии и гуманность" признано лучшим в конкурсе для студентов технических специальностей.",2022,link,"https://example.com/proof/9k37jvdt",verified,2026-01-13 15:00:25
e3971cf1-c6d7-450d-af92-974399b254d0,e01fac7d-a9a5-48e5-88be-d0a6a7c3de84,other,"Организовал студенческий фестиваль","Организовал ежегодный студенческий фестиваль, собравший более 1 000 участников.",2023,photo,"https://example.com/photos/js8cy2ai.jpg",verified,2026-03-07 19:00:25
0065f0ce-5601-42b8-bc3c-719cbd506af7,2ba15d70-07b8-4780-97b1-1c8106388278,other,"Призёр конкурса "Лучший наставник"","Отмечен как лучший наставник в рамках программы peer-to-peer обучения в университете.",2025,photo,"https://example.com/photos/vxcd0q2f.jpg",verified,2026-04-25 04:52:54
efa379d5-d2ef-43cb-8dbc-9f1e6f831c57,6c709ae1-5445-46fe-a38d-f2f4b0872f55,other,"Победитель конкурса социальных проектов","Проект поддержки пожилых людей победил в городском конкурсе социальных инициатив.",2023,none,NULL,verified,2025-12-25 07:59:00
0836f980-30ed-4b27-81f7-5fc8eef25137,502540e8-ad44-4ede-bede-dc9be40684b9,other,"Сертификат инструктора по йоге","Прошёл 200-часовую программу подготовки инструктора по хатха-йоге. Сертификат международного стандарта.",2024,photo,"https://example.com/photos/7a7iw0c2.jpg",verified,2025-11-14 15:32:34
5b1df048-dd4f-4929-8fab-2354c3c448ca,55a067ca-8de7-4731-ab91-9f79fc176598,other,"Участник арктической экспедиции","Участвовал в научно-образовательной экспедиции на архипелаг Шпицберген. Исследовал ледники.",2022,none,NULL,verified,2026-03-31 11:59:20
64622ddf-6dde-405f-b778-15e34da34d49,665206c4-30d9-4794-8904-f4515483466b,other,"Призёр конкурса красноречия","Занял второе место на городском конкурсе ораторского мастерства среди студентов.",2024,photo,"https://example.com/photos/0jav3twr.jpg",verified,2025-11-30 02:54:01
18a1221a-8c80-40fe-91d5-ef9ec016d9ac,55a067ca-8de7-4731-ab91-9f79fc176598,other,"Получил лицензию пилота-любителя PPL","Успешно прошёл курс и сдал экзамен на получение свидетельства частного пилота PPL(A).",2024,none,NULL,verified,2026-01-24 04:57:06
e0a4829a-e5d7-4252-abbb-c1a0dd4a5e90,11323a38-9782-472c-81d9-e55808938089,other,"Победитель конкурса туристических маршрутов","Авторский маршрут по историческим местам Золотого кольца занял первое место на конкурсе.",2022,none,NULL,verified,2026-05-05 12:00:15
250c6b5d-d764-46f1-beae-5a14e821139f,ba966808-2449-4793-8fe8-bcc333bdd603,other,"Призёр конкурса молодых журналистов","Репортаж о студенческих инициативах занял второе место на всероссийском конкурсе молодых журналистов.",2024,link,"https://example.com/proof/lo2drho4",verified,2026-04-09 12:59:44